,bpm,ibi,sdnn,sdsd,rmssd,pnn20,pnn50,hr_mad,sd1,sd2,s,sd1/sd2,breathingrate,vlf,lf,hf,lf/hf,p_total,vlf_perc,lf_perc,hf_perc,lf_nu,hf_nu,FpZ,FC3,FC4,FCz,O1,O2,Fp2,mean_all,mean_3ch
rest,74.85622702,801.5365239,45.2934101,14.8647638,23.19286724,0.313131313,0.032828283,24,16.39982398,61.94761683,3191.638263,0.264736964,0.125703152,340.3673322,914.6475446,135.4229287,6.754008006,1390.437806,24.47914828,65.78126263,9.739589082,87.1034438,12.8965562,0.36756,0.52558,0.30522,0.48744,0.32024,0.31131,0.39522,0.38751,0.439413333
practice,73.60796741,815.1291513,45.72509221,16.33405726,28.85981443,0.5,0.059259259,30,20.4051528,61.09663667,3916.580228,0.333981605,0.133333333,1310.936788,475.5215212,87.38784996,5.441506129,1873.846159,69.95968061,25.37676419,4.663555198,84.47568038,15.52431962,0.6624,0.8195,0.84925,0.85135,0.89229,0.90372,0.68637,0.809268571,0.840033333
boredom,71.74970181,836.2404092,46.77150753,15.25788487,24.67719803,0.394871795,0.041025641,26,17.44814653,63.66057015,3489.552176,0.274080903,0.122335382,702.4131125,1266.514349,184.5540815,6.86256483,2153.481543,32.61755898,58.8124079,8.570033122,87.28150392,12.71849608,0.3484,0.55059,0.56533,0.6108,0.30801,0.45166,0.36296,0.456821429,0.575573333
flow,72.6435504,825.9508197,41.46624618,14.50060659,24.7700799,0.420867526,0.035169988,27,17.51499534,55.9528022,3078.801861,0.313031603,0.12759442,531.8144706,449.1686241,160.5265336,2.798095828,1141.509628,46.58869776,39.34864963,14.06265262,73.67101713,26.32898287,0.49536,0.66217,0.65861,0.71527,0.77573,0.8198,0.52142,0.664051429,0.678683333
ultra,74.3622915,806.8605578,29.37856494,8.468146432,14.57614489,0.164,0.0,18,10.30374689,40.09370025,1297.840115,0.256991668,0.133333333,450.3703409,203.4948214,55.07020594,3.69518904,708.9353683,63.52770099,28.70428399,7.768015026,78.70160303,21.29839697,0.32929,0.57768,0.58685,0.66775,0.51066,0.56743,0.39087,0.518647143,0.61076
overload,71.6195919,837.7595908,27.36610751,13.71094861,24.43494765,0.433333333,0.012820513,18,17.27810348,34.60615717,1878.448615,0.499278305,0.122115032,186.6241282,299.5218333,85.48393487,3.503837695,571.6298963,32.64772003,52.39786009,14.95441988,77.79671321,22.20328679,0.34791,0.43712,0.50129,0.52815,0.56886,0.62075,0.33865,0.477532857,0.488853333
