,FpZ,FC3,FC4,FCz,O1,O2,Fp2,mean_all,mean_3ch,concentration_FC3,concentration_FC4,concentration_FCz,concentration_mean
rest,0.34507,0.46251,0.51328,0.59171,0.42167,0.42526,0.35219,0.444527143,0.5225,,,,
practice,0.27308,0.35864,0.39998,0.47958,0.39692,0.3524,0.27403,0.36209,0.412733333,0.049119331,-0.124915111,-0.026461827,-0.034085869
boredom,0.3462,0.48977,0.61395,0.66071,0.37324,0.3598,0.31467,0.451191429,0.588143333,-0.027810806,-0.110640807,-0.077674259,-0.072041957
flow,0.31442,0.42997,0.56499,0.58237,0.47581,0.43353,0.33135,0.447491429,0.525776667,0.031989665,-0.061676876,0.000665345,-0.009673955
ultra,0.3896,0.38391,0.53562,0.52754,0.45346,0.43267,0.39548,0.445468571,0.482356667,0.044520686,-0.113413128,-0.010241187,-0.026377876
overload,0.31455,0.37808,0.44584,0.46557,0.39141,0.36701,0.29491,0.379624286,0.42983,0.084934998,0.058418468,0.119102779,0.087485415