,FpZ,FC3,FC4,FCz,O1,O2,Fp2,mean_all,mean_3ch,concentration_FC3,concentration_FC4,concentration_FCz,concentration_mean
rest,0.47038,0.71824,0.53059,0.78305,0.35243,0.28658,0.39018,0.504492857,0.677293333,,,,
practice,0.27293,0.38358,0.47002,0.54056,0.34591,0.32768,0.19776,0.362634286,0.46472,0.209592812,0.060920706,0.174493652,0.148335723
boredom,0.28649,0.43996,0.43761,0.54694,0.17318,0.15961,0.23876,0.326078571,0.474836667,0.272161064,0.092862581,0.222104406,0.19570935
flow,0.262,0.42757,0.43541,0.37519,0.66146,0.52691,0.25446,0.420428571,0.412723333,0.290671214,0.095183466,0.40786793,0.264574203
ultra,0.6567,0.75545,0.80386,0.773,0.86585,0.81846,0.60434,0.753951429,0.777436667,0.164481993,-0.071324513,0.238026353,0.110394611
overload,0.12267,0.28812,0.42067,0.50908,0.24092,0.20799,0.15147,0.277274286,0.405956667,0.426402667,0.11281408,0.271572651,0.270263133