,bpm,ibi,sdnn,sdsd,rmssd,pnn20,pnn50,hr_mad,sd1,sd2,s,sd1/sd2,breathingrate,vlf,lf,hf,lf/hf,p_total,vlf_perc,lf_perc,hf_perc,lf_nu,hf_nu,FpZ,FC3,FC4,FCz,O1,O2,Fp2,mean_all,mean_3ch
rest,73.67887808,814.3446475,40.28056002,20.44006684,36.81366694,0.617801047,0.196335079,30,26.03104189,50.70237137,4146.385678,0.513408766,0.320625862,363.4832909,206.3842147,482.573993,0.42767372,1052.441499,34.53714923,19.61004151,45.85280927,29.95598462,70.04401538,0.47038,0.71824,0.53059,0.78305,0.35243,0.28658,0.39018,0.504492857,0.677293333
practice,75.52394738,794.45,31.37078372,17.63199855,31.33767986,0.534050179,0.082437276,22,22.15833457,38.39538746,2672.797416,0.577109284,0.366666667,649.6751575,351.8465856,207.4832803,1.695782836,1209.005023,53.73634889,29.10216077,17.16149034,62.90502386,37.09497614,0.27293,0.38358,0.47002,0.54056,0.34591,0.32768,0.19776,0.362634286,0.46472
boredom,75.36881607,796.085213,41.40009271,17.96881215,33.55787021,0.610552764,0.130653266,24,23.72889117,53.48693722,3987.26451,0.443638997,0.346314895,232.0417288,290.7610227,334.102552,0.870274773,856.9053034,27.07903987,33.9315233,38.98943683,46.53192064,53.46807936,0.28649,0.43996,0.43761,0.54694,0.17318,0.15961,0.23876,0.326078571,0.474836667
flow,79.46298984,755.0684932,45.49688633,17.07490548,30.3034528,0.552369077,0.093516209,30,21.42773859,60.62686889,4081.232643,0.353436339,0.131943528,744.1177823,227.0089696,72.25739665,3.141671027,1043.384149,71.31771968,21.75698854,6.925291778,75.85515621,24.14484379,0.262,0.42757,0.43541,0.37519,0.66146,0.52691,0.25446,0.420428571,0.412723333
ultra,80.44465449,745.8544061,64.16807634,19.12386285,31.92973054,0.526923077,0.130769231,56,22.573323,87.76867053,6224.219338,0.257191124,0.133333333,1666.610672,311.6822504,119.862745,2.600326319,2098.155668,79.43217455,14.85505843,5.712767017,72.22473989,27.77526011,0.6567,0.75545,0.80386,0.773,0.86585,0.81846,0.60434,0.753951429,0.777436667
overload,75.99149487,789.5620438,39.82275719,19.24133712,33.16654206,0.551219512,0.124390244,30,23.45228578,51.27438362,3777.769872,0.457387961,0.123262765,682.8926759,308.7928536,115.2377057,2.679616465,1106.923235,61.69286669,27.8965012,10.41063211,72.82325455,27.17674545,0.12267,0.28812,0.42067,0.50908,0.24092,0.20799,0.15147,0.277274286,0.405956667
