,bpm,ibi,sdnn,sdsd,rmssd,pnn20,pnn50,hr_mad,sd1,sd2,s,sd1/sd2,breathingrate,vlf,lf,hf,lf/hf,p_total,vlf_perc,lf_perc,hf_perc,lf_nu,hf_nu,lf_diff,hf_diff,lfhf_diff
rest,75.03898128898129,799.5844155844156,82.25022806574005,34.26141261449131,49.29737338948507,0.5676567656765676,0.23102310231023102,47.0,34.84989557831145,109.83920066002767,12025.654368764905,0.31728103781616385,0.13333333333333333,4390.708426330281,2147.4690545044405,1332.822690473474,1.611218858932819,7871.000171308196,55.783360827961026,27.283305904788484,16.933333267250493,61.70370796078385,38.296292039216155,0,0,0
boredom,70.88385196180148,846.4551282051282,70.73740197239418,33.68411501848555,56.50532375717553,0.7354838709677419,0.3741935483870968,46.0,39.95379329093881,91.46920852516764,11481.081827883318,0.436800470181674,0.26666666666666666,922.1647076348918,1340.5837875869474,1206.1087655975257,1.1114949379567776,3468.857260819365,26.584106473642304,38.64626552175553,34.769628004602176,52.640189563150635,47.359810436849365,806.885266917493,126.71392487594835,0.49972392097604135
flow,68.68262901841075,873.5833333333334,64.20512916513066,37.67867629837869,64.42487454338047,0.7979094076655052,0.445993031358885,37.0,45.555009559255524,78.68265557578769,11260.690548684399,0.5789714292926554,0.26666666666666666,690.7289552943328,602.212300741051,1549.2352719987414,0.3887158468604375,2842.176528034125,24.302816819477986,21.18842002954647,54.508763150975554,27.991028383469043,72.00897161653097,1545.2567537633895,-216.41258152526734,1.2225030120723814
ultra,71.65182520493012,837.3827160493827,84.28677794193436,38.940266755634845,63.433823785106945,0.78125,0.3625,48.0,44.85175581847381,107.2225431054496,15108.293930979715,0.4183052790900854,0.3333333333333333,728.006105588755,1200.1694468028356,1191.6141544787101,1.007179582662702,3119.7897068703005,23.33510184951131,38.46956236056107,38.19533578992763,50.17884754121446,49.821152458785534,947.2996077016048,141.2085359947639,0.604039276270117
overload,68.97262500297296,869.9103448275862,80.42545636125155,42.432278631911736,68.12313297019405,0.754325259515571,0.41522491349480967,54.0,48.17023955000491,102.99569537086188,15586.469456274132,0.4676917746567549,0.13333333333333333,5220.616133830437,849.7456015684793,1268.7014899849855,0.6697758363778193,7339.063225383902,71.13463903368061,11.578393256368622,17.286967709950755,40.111721692579906,59.888278307420094,1297.7234529359612,64.12120048848851,0.9414430225549996
