,target,linear-p,linear-rsquared,linear-rsquared_adj,linear-coef,nonlinear-p,nonlinear-rsquared,nonlinear-rsquared_adj,nonlinear-coef
0,bpm,0.2684294820599872,0.5351954227190168,0.30279313407852515,0.6049979642083156,0.2703808159983505,0.5323441536632324,0.29851623049484854,0.003372987410840384
1,ibi,0.2644570010161705,0.541023503354127,0.3115352550311905,-0.08103480365193436,0.2624374848363769,0.5439984637744895,0.3159976956617342,-6.05129324170493e-05
2,lf,0.8435293033905864,0.024483078897435506,-0.46327538165384663,-0.004511305299068992,0.8371331473143684,0.026525611703723473,-0.46021158244441485,-6.188080270497107e-06
3,hf,0.8814924335672834,0.014044043301804643,-0.478933935047293,0.006221254166954373,0.9597194053356994,0.0016225263065096085,-0.49756621054023564,-1.000506132633512e-05
4,lf/hf,0.5005425265074528,0.24945776782755824,-0.12581334825866275,-0.8196720133324562,0.4702538600351456,0.28063097280766247,-0.07905354078850624,-0.1012298554002329
5,FC3,0.34685290680559655,0.4266011253482984,0.13990168802244762,-12.216987517462163,0.35492872397796216,0.41611695114870006,0.12417542672305015,-12.419437809067457
6,FC4,0.5826219373127739,0.1742044472125417,-0.23869332918118746,-6.87882270900181,0.5414145306844997,0.21030063266731747,-0.18454905099902374,-7.459203977945633
7,FCz,0.5192535067019822,0.23111719081834114,-0.15332421377248817,-9.186412743714063,0.49426754368057224,0.25576531737488184,-0.11635202393767718,-7.789630479848904
8,mean_3ch,0.47908605952743333,0.2713513333786568,-0.0929729999320148,-9.532022670273594,0.46144987656194414,0.2900362354551451,-0.06494564681728221,-9.106384161961582
