,bpm,ibi,sdnn,sdsd,rmssd,pnn20,pnn50,hr_mad,sd1,sd2,s,sd1/sd2,breathingrate,vlf,lf,hf,lf/hf,p_total,vlf_perc,lf_perc,hf_perc,lf_nu,hf_nu,lf_diff,hf_diff,lfhf_diff
rest,52.49895002099957,1142.88,87.69355126423683,53.126064665202,101.64108772679342,0.8705357142857143,0.7276785714285714,66.0,71.8709290661682,100.67417811291897,22731.140401246004,0.7138963576693496,0.23333333333333334,1450.9192079237428,401.6704175670139,4529.935860146937,0.08867022182384388,6382.525485637693,22.732681776025498,6.293283410632274,70.97403481334223,8.144819252546018,91.85518074745399,0,0,0
boredom,53.62495316597977,1118.882096069869,94.08687374152493,48.78644236941578,91.43610557929931,0.8464912280701754,0.6754385964912281,60.0,64.65415724642865,116.44589585086682,23652.143988692056,0.5552291626424666,0.3,1115.9077547716188,1032.088588540745,2584.7666308036846,0.399296623625877,4732.762974116049,23.578357100801988,21.807316237583418,54.614326661614584,28.53552398284318,71.46447601715683,-630.4181709737311,1945.169229343252,-0.3106264018020331
flow,62.20928341411053,964.4862745098039,83.22527194333637,29.21031465912281,50.926533467570934,0.6850393700787402,0.38188976377952755,50.0,36.00774229405407,110.67451730953047,12519.684969820253,0.3253480852629239,0.3333333333333333,1520.281788118713,361.3016263979664,593.2989563052832,0.6089706084230121,2474.8823708219625,61.42844629879497,14.598739344446914,23.972814356758125,37.848460701210556,62.151539298789444,40.36879116904748,3936.6369038416533,-0.5203003865991682
ultra,65.9926577705262,909.1920529801324,53.28279113264066,27.80766001582218,54.58717798164694,0.7866666666666666,0.43333333333333335,38.0,38.59893493061405,64.67898508102233,7843.1115239664505,0.5967770657233069,0.36666666666666664,858.1045099615843,633.1770520445524,767.7919477789546,0.8246726914448476,2259.073509785091,37.9847980264802,28.02817390855012,33.987028064969685,45.19565044796276,54.80434955203722,-231.5066344775385,3762.143912367982,-0.7360024696210037
overload,71.5574589357764,838.487012987013,87.18339656455407,27.223012010853154,48.42254300436701,0.7231270358306189,0.30944625407166126,63.0,34.23284226473804,118.02668341462764,12693.255885964594,0.2900432450895709,0.13333333333333333,2204.5679987833873,996.1462939190469,642.9789977408267,1.5492672348849807,3843.693290443261,57.35546080809046,25.91638350530746,16.728155686602072,60.77304151107882,39.22695848892117,-594.4758763520331,3886.95686240611,-1.460597013061137
