,bpm,ibi,sdnn,sdsd,rmssd,pnn20,pnn50,hr_mad,sd1,sd2,s,sd1/sd2,breathingrate,vlf,lf,hf,lf/hf,p_total,vlf_perc,lf_perc,hf_perc,lf_nu,hf_nu,lf_diff,hf_diff,lfhf_diff
rest,68.34983958711118,877.8367346938776,37.41003554403288,15.834556231005026,27.825394152230125,0.5085324232081911,0.05802047781569966,23.0,19.67506074288092,48.94898726968196,3025.587138934864,0.4019503127711749,0.23333333333333334,561.3661465752874,489.6335439159512,451.512445790233,1.0844297836773888,1502.5121362814716,37.36183775291147,32.587659832667484,30.050502414421057,52.02524892751331,47.97475107248668,0,0,0
boredom,64.54519328605714,929.5812274368232,32.69061968057346,15.7248113260966,26.794981143728272,0.45652173913043476,0.03260869565217391,20.0,18.94681309687833,42.24838785080963,2514.757923011936,0.44846239254819853,0.3,399.50264705772383,292.68113267275277,218.0830278883662,1.3420628625102011,910.2668076188427,43.88852188324636,32.15333462925823,23.958143487495416,57.30259780780567,42.69740219219433,196.9524112431984,233.42941790186683,-0.2576330788328123
flow,68.65413161801088,873.9459459459459,28.78010381246978,13.501258732427658,23.582814771404472,0.4135593220338983,0.013559322033898305,16.0,16.675171324330584,37.151374471313,1946.234035237618,0.4488439946469968,0.16666666666666666,205.37652588226953,210.82830774417863,184.2921176343679,1.143989826859866,600.4969512608161,34.201093852526085,35.10897221068634,30.68993393678757,53.35798764191798,46.64201235808201,278.80523617177255,267.2203281558651,-0.05956004318247721
ultra,64.62129591896141,928.4864864864865,25.91631190563885,13.898317129390458,25.176924971497378,0.46258503401360546,0.034013605442176874,18.0,17.791788407581585,31.272037072305878,1747.9364946373637,0.5689360231456674,0.3333333333333333,47.041796220471596,106.77386315732323,183.7933677629153,0.5809451366877201,337.6090271407101,13.933808766572263,31.62648346864895,54.43970776477879,36.74669811154064,63.25330188845935,382.859680758628,267.7190780273177,0.5034846469896688
overload,67.64685580175329,886.9591836734694,29.95583541689477,14.390555001280648,26.98931655657709,0.5119453924914675,0.030716723549488054,19.0,19.08431349767648,37.89476585400198,2271.9859572983855,0.5036134428486257,0.13333333333333333,344.861203871741,128.67214251944907,182.67437814223712,0.7043798031668137,656.2077245334272,52.55366417957699,19.608446793419986,27.837889027003015,41.3276314268712,58.672368573128786,360.9614013965021,268.8380676479959,0.38004998051057515
