,bpm,ibi,sdnn,sdsd,rmssd,pnn20,pnn50,hr_mad,sd1,sd2,s,sd1/sd2,breathingrate,vlf,lf,hf,lf/hf,p_total,vlf_perc,lf_perc,hf_perc,lf_nu,hf_nu,lf_diff,hf_diff,lfhf_diff
rest,66.73793764837204,899.0388692579505,72.80708262731189,22.452167914752238,43.88718612970053,0.7411347517730497,0.2872340425531915,44.0,31.03278063872651,98.34990090435774,9588.363519577182,0.31553443728331704,0.2,4943.709957385599,931.6459778540036,1048.7344460616105,0.8883526057074622,6924.090381301214,71.39869188790904,13.455138892611098,15.146169219479866,47.043788486454055,52.95621151354595,0,0,0
boredom,63.8288171912281,940.0142857142857,53.46266864621995,24.390417386169908,47.32182201384133,0.7526881720430108,0.34408602150537637,32.0,33.46144264727993,67.86701922059997,7134.331888079426,0.4930442360893203,0.26666666666666666,624.6300123157791,1216.676078607696,1012.4137911433395,1.201757709398327,2853.7198820668145,21.88827348616253,42.634740930722145,35.47698558311533,54.58174186326481,45.41825813673519,-285.0301007536923,36.320654918270975,-0.3134051036908647
flow,67.28821356221802,891.6866242038217,55.68984755277333,20.20077002725088,38.43341711350174,0.6772959183673469,0.18877551020408162,32.0,27.176519747920654,73.97031114816758,6315.404292901224,0.3673976670651585,0.3142991842507536,1642.665400253705,539.9360362236966,556.5572451595165,0.970135670534563,2739.158681636918,59.96970570803332,19.711747254490255,20.31854703747643,49.242074291834584,50.757925708165416,391.70994163030696,492.177200902094,-0.08178306482710074
ultra,69.73540722034093,860.395061728395,39.284866250939615,21.5418842198559,37.795789965688435,0.639751552795031,0.15527950310559005,28.0,26.718983760732375,48.312204006625265,4055.3342837516434,0.5530483303363325,0.3333333333333333,105.3390214032894,287.87631899631,586.460700694715,0.4908706050640645,979.6760410943143,10.752434170547232,29.384848349945088,59.86271747950769,32.92509781846367,67.07490218153632,643.7696588576937,462.27374536689547,0.3974820006433977
overload,71.40304318401301,840.3003194888179,42.09830917840613,18.469189119871025,33.254265197808145,0.5769230769230769,0.11217948717948718,28.0,23.513617412326855,54.64663169571431,4036.7580346638747,0.4302848443295897,0.13333333333333333,477.69098924601894,372.51568705523067,326.7445824685665,1.1400822141896338,1176.9512587698161,40.58715139531908,31.650901792194436,27.76194681248648,53.27282319484808,46.727176805151906,559.1302907987729,721.989863593044,-0.25172960848217163
