,bpm,ibi,sdnn,sdsd,rmssd,pnn20,pnn50,hr_mad,sd1,sd2,s,sd1/sd2,breathingrate,vlf,lf,hf,lf/hf,p_total,vlf_perc,lf_perc,hf_perc,lf_nu,hf_nu,lf_diff,hf_diff,lfhf_diff
rest,66.22263784,906.0345821,70.16127131,22.31399256,44.12698439,0.748554913,0.289017341,44,31.20238281,94.31566157,9245.309384,0.330829284,0.222653392,2733.9712,653,1208,0.541,4501.23631,60.73822862,9.172170133,30.08960125,23.36158,76.63842,0,0,0
practice,65.29527977,918.9025641,59.00357002,21.71396257,40.84178515,0.701799486,0.233933162,38,28.87888447,78.31225747,7104.933696,0.368765828,0.251137093,249.3638453,284,685,0.41,1375.633833,18.1271963,26.7705384,55.1022653,32.69771791,67.30228209,44.59646897,596.3986529,-0.181005147
boredom,63.40378198,946.3157895,53.66099716,24.50846953,47.30694678,0.750733138,0.346041056,35,33.45097006,68.03415006,7149.662688,0.491679106,0.247188234,985.2109235,934,1088,0.859,2869.012787,34.33971881,25.00750887,40.65277232,38.08620435,61.91379565,-304.6075747,188.070821,-0.310320347
flow,67.17731601,893.1586369,55.57372575,20.58102206,38.90785495,0.674117647,0.195294118,32,27.51195973,73.64812112,6365.508048,0.37355956,0.31576039,1684.541005,375,461,0.815,2715.033129,62.04495213,17.67576287,20.279285,46.57025577,53.42974423,-67.0417654,803.8147508,-0.5667881
ultra,68.42226889,876.907489,49.39604656,24.1512791,41.40945982,0.650442478,0.207964602,36,29.27790812,63.25807236,5818.430753,0.462832758,0.333333333,206.0560471,346,546,0.63,1108.662357,18.58600555,32.46757381,48.94642064,39.87959813,60.12040187,52.90528352,811.7535165,-0.358500298
overload,70.65543268,849.191601,47.62779502,19.2187949,34.29607926,0.584210526,0.126315789,32,24.25092596,62.92402258,4793.962987,0.385400122,0.123632317,305.8432582,464,349,1.33,1213.705073,25.19914146,45.95551576,28.84534278,61.43715013,38.56284987,-144.9033737,1004.306668,-1.288340771