,FpZ,FC3,FC4,FCz,O1,O2,Fp2,mean_all,mean_3ch,concentration_FC3,concentration_FC4,concentration_FCz,concentration_mean
rest,0.1950058767014543,0.2550349077339918,0.2286273636249225,0.35730030978399174,0.11610559552532365,0.13997677342193815,0.19382854486953174,0.2122684816658791,0.28032086038096865,,,,
boredom,0.14539370523514014,0.4383215791003392,0.31439534313107503,0.5535894427184629,0.1552526745900178,0.17734891976441503,0.16684417923742945,0.12097158776068956,0.4354354549832924,-0.1832866713663474,-0.08576797950615253,-0.19628913293447114,-0.15511459460232369
flow,0.23600758344012904,0.30568843994054085,0.20388922131957227,0.35765244934184026,0.08256211639199341,0.15671360317201305,0.2727622450157775,0.14365929872816394,0.28907670353398446,-0.05065353220654906,0.024738142305350236,-0.0003521395578485187,-0.00875584315301578
ultra,0.2461535607775286,0.26554065700725543,0.17555086043512957,0.28525496611367257,0.07988817976032017,0.14008418099796335,0.26582525503055326,0.1464653748701413,0.24211549451868586,-0.010505749273263643,0.05307650318979293,0.07204534367031917,0.03820536586228282
overload,0.18597295042459874,0.2212239855823562,0.16585897810746902,0.21136118145281654,0.10027521412811506,0.10507757544740633,0.2540745227734576,0.14247293841665806,0.19948138171421392,0.033810922151635586,0.06276838551745348,0.1459391283311752,0.08083947866675475
