,bpm,ibi,sdnn,sdsd,rmssd,pnn20,pnn50,hr_mad,sd1,sd2,s,sd1/sd2,breathingrate,vlf,lf,hf,lf/hf,p_total,vlf_perc,lf_perc,hf_perc,lf_nu,hf_nu,lf_diff,hf_diff,lfhf_diff
rest,73.28544176,818.7164948,36.55319575,14.28171149,24.60940347,0.416020672,0.031007752,22,17.40113074,48.70016702,2662.304911,0.357311521,0.188881194,287.7523698,403,386,1.04,1066.721103,26.97540801,38.05622131,34.96837067,52.11425395,47.88574605,0,0,0
practice,68.13571282,880.5954693,32.84495467,20.23395379,38.7536341,0.681818182,0.204545455,24,27.40295131,37.46808053,3225.586232,0.731367898,0.1,101.2165648,260,136,1.91,471.555584,21.46439746,50.69816777,27.83743477,64.5543755,35.4456245,166.8837025,241.7460111,-0.732918584
boredom,70.8325005,847.0687831,51.66764494,18.16788311,33.52025398,0.602122016,0.111405836,28,23.70177077,69.10235109,5145.451513,0.342995143,0.124925825,1000.248023,1296,309,4.19,2660.157941,37.60107651,52.5448821,9.854041384,84.20799457,15.79200543,-991.8231103,110.8819248,-4.244013882
flow,71.02456552,844.778135,40.8146291,15.73579076,28.31755851,0.515021459,0.061158798,24,20.0234502,54.13246115,3405.230837,0.369897281,0.1395638,565.6697341,290,167,1.73,1240.273592,45.60846393,35.9325636,18.45897247,66.06278513,33.93721487,-39.70835381,144.0732283,-0.858313654
ultra,70.31155292,853.3448276,39.5655509,16.89446616,31.52405802,0.571428571,0.064935065,21,22.29086174,51.4510358,3603.054681,0.433244179,0.133333333,269.5239402,347,172,2.02,788.1392649,34.19750191,45.5266164,20.27588169,69.18675996,30.81324004,47.14060373,213.2128043,-1.157054056
overload,71.95093915,833.9015544,44.1913016,17.29261154,29.17782471,0.475324675,0.085714286,26,20.63131451,58.9824315,3822.957274,0.349787453,0.124269914,606.4560431,642,230,2.8,1628.292201,37.24491482,48.67924895,14.07583623,77.57020616,22.42979384,-386.6866704,143.8192457,-2.370051631