,bpm,ibi,sdnn,sdsd,rmssd,pnn20,pnn50,hr_mad,sd1,sd2,s,sd1/sd2,breathingrate,vlf,lf,hf,lf/hf,p_total,vlf_perc,lf_perc,hf_perc,lf_nu,hf_nu,lf_diff,hf_diff,lfhf_diff
rest,68.15442153741539,880.3537414965987,48.81769539788198,33.6285500912417,60.2851019353734,0.7372013651877133,0.4641638225255973,34.0,42.627934429423206,54.396240636208525,7284.723094363958,0.7836558911214203,0.3333333333333333,351.61168617332106,268.4419448889259,1102.2498938397675,0.24354000521042363,1722.3035249020145,20.415198662112996,15.58621584451545,63.99858549337155,19.58441257940981,80.41558742059019,0,0,0
boredom,67.12243629583593,893.8888888888889,45.587082586687124,33.01443868961813,64.27640660454684,0.794425087108014,0.5505226480836237,35.0,45.4502733642082,45.68875700035956,6523.726046442124,0.9947802555418725,0.36666666666666664,298.99585934126793,253.5939548132941,632.5956383367252,0.40087844342408857,1185.1854524912872,25.22776994206027,21.396985111505863,53.375244946433874,28.616219009284197,71.3837809907158,14.847990075631799,469.65425550304235,-0.15733843821366494
flow,68.96711333287047,869.9798657718121,59.245702678658674,30.78401812770303,61.83098500809046,0.8383838383838383,0.5286195286195287,32.0,43.721064965606764,71.61788767926875,9836.987337920413,0.6104768847889759,0.13333333333333333,229.5657603279413,128.33086290332923,169.43052849030565,0.7574246745660831,527.3271517215761,43.53384034530995,24.33609998733514,32.13005966735493,43.098556969623466,56.901443030376534,140.11108198559666,932.8193653494619,-0.5138846693556595
ultra,68.0697569560601,881.4487179487179,35.09297081924594,27.1044044556397,54.83206031793514,0.7806451612903226,0.4258064516129032,29.0,38.771911263409365,30.658298033215146,3734.3509027697514,1.2646465639222355,0.43333333333333335,101.75215715803016,54.45055648318912,193.659659163284,0.2811662311007125,349.86237280450325,29.08348112498723,15.56342170971758,55.353097165295196,21.946116302109274,78.05388369789071,213.99138840573676,908.5902346764835,-0.037626225890288856
overload,70.1020501976648,855.8950819672131,48.317686495443574,23.11951720583769,42.54672354260109,0.6907894736842105,0.24013157894736842,28.0,30.08485194094969,61.44367434376691,5807.308932506191,0.48963302182467244,0.1,1638.321752732109,879.8414373952862,283.1565674907061,3.1072612766580625,2801.319757618101,58.48392523833613,31.408104519399654,10.10797024226423,75.6528759033887,24.3471240966113,-611.3994925063603,819.0933263490615,-2.863721271447639
