,FpZ,FC3,FC4,FCz,O1,O2,Fp2,mean_all,mean_3ch,concentration_FC3,concentration_FC4,concentration_FCz,concentration_mean
rest,0.36756,0.52558,0.30522,0.48744,0.32024,0.31131,0.39522,0.38751,0.439413333,,,,
practice,0.6624,0.8195,0.84925,0.85135,0.89229,0.90372,0.68637,0.809268571,0.840033333,0.24022332,0.18981215,0.14883628,0.19295725
boredom,0.3484,0.55059,0.56533,0.6108,0.30801,0.45166,0.36296,0.456821429,0.575573333,-0.0138745,0.04764711,-0.0070298,0.00891427
flow,0.49536,0.66217,0.65861,0.71527,0.77573,0.8198,0.52142,0.664051429,0.678683333,0.15258212,0.21167216,0.1859071,0.183387127
ultra,0.32929,0.57768,0.58685,0.66775,0.51066,0.56743,0.39087,0.518647143,0.61076,0.17257469,0.25805975,0.19520406,0.208612833
overload,0.34791,0.43712,0.50129,0.52815,0.56886,0.62075,0.33865,0.477532857,0.488853333,0.18711448,0.32348561,0.23540496,0.24866835