,bpm,ibi,sdnn,sdsd,rmssd,pnn20,pnn50,hr_mad,sd1,sd2,s,sd1/sd2,breathingrate,vlf,lf,hf,lf/hf,p_total,vlf_perc,lf_perc,hf_perc,lf_nu,hf_nu,lf_diff,hf_diff,lfhf_diff
rest,77.01305532222231,779.0886850152905,39.54219780360364,14.586588527439586,26.734780086203603,0.48466257668711654,0.03374233128834356,28.0,18.903768895443353,52.59674041837966,3123.6121423780814,0.3594095136898926,0.23333333333333334,760.0246743742633,324.69034037755404,340.10956577827494,0.9546639467036542,1424.8245805300921,53.34163129692103,22.788092289701808,23.870276413377184,48.84031080194628,51.15968919805373,0,0,0
boredom,75.23219814241486,797.5308641975308,32.81376044530411,14.825210505998655,27.67435580172098,0.5170278637770898,0.04024767801857585,23.0,19.568693304155648,42.14927857829371,2591.205429962071,0.46427113260802644,0.23333333333333334,323.12995235863434,179.16455542812835,458.0429244637746,0.391152326253864,960.3374322505373,33.647543197538795,18.656416943808882,47.696039858652334,28.117145683619746,71.88285431638026,145.52578494942568,-117.93335868549968,0.5635116204497902
flow,77.06667943133407,778.5465838509317,32.46707846391633,15.721491759109982,30.74161233526899,0.6012461059190031,0.06230529595015576,21.0,21.73734538692016,40.36572165765015,2756.5704728316005,0.5385100152867075,0.3,187.06390926260627,220.09633312705876,370.14928572424384,0.5946150421347227,777.3095281139089,24.065562365677504,28.315146690805168,47.61929094351732,37.28893973925564,62.711060260744354,104.59400725049528,-30.039719945968898,0.36004890456893146
ultra,77.39735012462285,775.2203389830509,28.89533096016586,15.734689363955212,28.404145024018142,0.5113636363636364,0.07386363636363637,20.0,20.08429903345619,35.59867176316628,2246.158224795009,0.5641867530079391,0.3333333333333333,106.61087728294899,292.458616949051,352.71646994820344,0.8291606484721247,751.7859641802035,14.181014592258911,38.90184585555106,46.91713955219004,45.33011625658535,54.669883743414644,32.23172342850302,-12.606904169928498,0.1255032982315295
overload,77.39125061789422,775.2814371257485,36.020434358122934,17.29307589462675,31.20579756714771,0.5585585585585585,0.08708708708708708,24.0,22.065712961091332,45.972411071171955,3186.8756543743025,0.47997728304766113,0.3333333333333333,181.64192191343733,344.25458653900074,383.46980523905034,0.897735836917842,909.3663136914884,19.97456021612223,37.85653606867524,42.16890371520253,47.305627024247805,52.69437297575219,-19.564246161446704,-43.360239460775404,0.0569281097858122
