,FpZ,FC3,FC4,FCz,O1,O2,Fp2,mean_all,mean_3ch
rest,0.47038,0.71824,0.53059,0.78305,0.35243,0.28658,0.39018,0.504492857,0.677293333