,bpm,ibi,sdnn,sdsd,rmssd,pnn20,pnn50,hr_mad,sd1,sd2,s,sd1/sd2,breathingrate,vlf,lf,hf,lf/hf,p_total,vlf_perc,lf_perc,hf_perc,lf_nu,hf_nu
rest,148.1481481,405,140.2042296,38.6142658,276.2433823,1,1,56,195.2896233,28.18296111,17290.82287,6.929350773,0.2,184.6724423,619.8418376,1682.277275,0.368454028,2486.791555,7.426132759,24.92536362,67.64850362,26.92483782,73.07516218
practice,192.2656079,312.0682927,159.4840927,74.83885023,256.045371,0.992,0.992,184,180.9616035,131.415689,74710.8238,1.377016739,0.266666667,170.9361387,1576.421183,8197.614611,0.192302427,9944.971932,1.718819719,15.85143924,82.42974104,16.12866186,83.87133814
boredom,158.5386869,378.4565217,135.4738661,52.18463932,261.8908938,1,0.99408284,19,185.1116645,44.80540733,26056.38057,4.131458133,0.233333333,264.5442749,379.1120655,994.6759467,0.381141282,1638.332287,16.14716849,23.14012051,60.712711,27.59611106,72.40388894
flow,135.0414249,444.3081081,178.6077756,116.9932928,220.8646833,0.8125,0.729166667,202,152.8249952,184.2377785,88455.1151,0.829498686,0.133333333,7567.539108,2347.668039,5296.615752,0.443239259,15211.8229,49.74774659,15.4331802,34.81907321,30.71141919,69.28858081
ultra,131.8293014,455.1340206,182.9593853,127.9117052,218.4436793,0.820512821,0.717948718,188,153.8242036,186.8427881,90292.33563,0.823281461,0.166666667,0,1533.503056,8496.615811,0.180483982,10030.11887,0,15.28898187,84.71101813,15.28898187,84.71101813
overload,175.1003179,342.6607143,145.7961856,93.04067856,263.8438533,0.947368421,0.921052632,9,184.1446386,97.3044242,56291.33372,1.892459054,0.133333333,0,807.4982238,1455.0384,0.55496695,2262.536624,0,35.6899515,64.3100485,35.6899515,64.3100485