,bpm,ibi,sdnn,sdsd,rmssd,pnn20,pnn50,hr_mad,sd1,sd2,s,sd1/sd2,breathingrate,vlf,lf,hf,lf/hf,p_total,vlf_perc,lf_perc,hf_perc,lf_nu,hf_nu,lf_diff,hf_diff,lfhf_diff
rest,76.92975327247335,779.9323076923077,42.38673634229792,16.77543270705003,32.582468966464425,0.6172839506172839,0.09876543209876543,32.0,23.0392843405201,55.37847687606291,4008.29672740935,0.41603318906877923,0.2,239.01219979667175,462.6984836910055,880.9542666603878,0.5252241815515016,1582.6649501480651,15.101882415119581,29.235403466015853,55.66271411886456,34.43586771731016,65.56413228268984,0,0,0
boredom,80.22666494950796,747.8810198300283,38.91615898468681,14.717991911220782,25.75121356363618,0.42329545454545453,0.03409090909090909,24.0,18.208857291397255,51.94343896612031,2971.4146761133575,0.3505516318100123,0.26666666666666666,231.2993039108933,347.5651915927877,358.81670271716325,0.9686427330746513,937.6811982208442,24.667158128984614,37.06645630223339,38.266385568782,49.20358157428661,50.796418425713405,115.1332920982178,522.1375639432246,-0.4434185515231497
flow,82.44496119348896,727.7582417582418,32.81284087464759,12.881806313670884,24.53171480851962,0.46855345911949686,0.01729559748427673,20.0,17.34653491180477,43.07771333645752,2347.5521519935455,0.40268003030523103,0.12942749902929374,482.0581474679876,127.70850298393869,154.21265144983744,0.8281324637329119,763.9793019017638,63.09832560489617,16.7162255137064,20.185448881397427,45.29936862681856,54.700631373181444,334.9899807070668,726.7416152105504,-0.3029082821814103
ultra,85.65976394091456,700.4455445544554,28.77257193909834,11.239597689590843,21.61904448806918,0.40298507462686567,0.004975124378109453,22.0,15.28570349601337,37.41460909773465,1796.703922532267,0.40854906317700584,0.13333333333333333,362.2863918828305,168.7352175727616,30.99500624391166,5.443948494312893,562.0166156995039,64.46186496317681,30.023172422179787,5.514962614643392,84.48156435634844,15.51843564365156,293.9632661182439,849.9592604164761,-4.918724312761391
overload,82.54066341506478,726.9144385026738,28.300302431826573,12.540478630455823,22.82137185632857,0.3967828418230563,0.010723860589812333,18.0,16.137059495873377,36.59856567380454,1855.403358099934,0.4409205442557409,0.4,147.6167903269114,89.1821009736088,84.43074135993379,1.0562752326598632,321.229632660454,45.953665327926096,27.762725448145698,26.28360922392821,51.368377923491046,48.63162207650896,373.5163827173967,796.523525300454,-0.5310510511083616
