,bpm,ibi,sdnn,sdsd,rmssd,pnn20,pnn50,hr_mad,sd1,sd2,s,sd1/sd2,breathingrate,vlf,lf,hf,lf/hf,p_total,vlf_perc,lf_perc,hf_perc,lf_nu,hf_nu,lf_diff,hf_diff,lfhf_diff
rest,76.05822212,788.8693467,46.86769591,18.09599698,34.36036613,0.637279597,0.125944584,36,24.2960708,61.69116095,4708.78499,0.393833905,0.191101061,395.6838108,237.3580639,966.8763484,0.245489575,1599.918223,24.73150222,14.83563725,60.43286053,19.71028742,80.28971258,0,0,0
practice,80.68376068,743.6440678,31.77850393,15.78296897,28.88833969,0.553191489,0.05106383,20,20.42465069,39.78070535,2552.566056,0.513431085,0.366666667,174.1079972,259.1583069,336.5405098,0.770065711,769.8068139,22.61710264,33.66536932,43.71752805,43.50492223,56.49507777,-21.80024304,630.3358386,-0.524576136
boredom,79.15128128,758.0420561,47.60927526,17.23135168,29.15467915,0.461358314,0.070257611,28,20.61542637,64.11113598,4152.175162,0.321557652,0.21575638,508.1680764,182.9789318,482.2645712,0.379416077,1173.411579,43.30689123,15.59375542,41.09935335,27.50555713,72.49444287,54.37913211,484.6117771,-0.133926502
flow,81.90452884,732.5602241,37.43199081,13.36206501,25.0767126,0.47545582,0.025245442,20,17.73188147,49.90881957,2780.238099,0.355285531,0.401498929,317.4246721,122.250382,140.6780591,0.869008165,580.3531133,54.6950925,21.06482747,24.24008003,46.49568586,53.50431414,115.1076819,826.1982893,-0.62351859
ultra,84.14477676,713.0567376,37.87929187,13.70892412,24.08909914,0.412811388,0.028469751,26,17.03147673,50.68582118,2711.993631,0.336020535,0.133333333,580.7412721,157.3303409,65.51812096,2.401325596,803.589734,72.2683787,19.57844087,8.153180434,70.59969792,29.40030208,80.02772303,901.3582274,-2.155836021
overload,82.02694483,731.4669604,33.11956063,13.96847257,24.2649103,0.406181015,0.01986755,19,17.15787239,43.6185944,2351.175095,0.393361424,0.120452903,214.5533535,128.0246655,106.888691,1.197738173,449.46671,47.73509333,28.48368136,23.78122531,54.4986745,45.5013255,109.3333984,859.9876574,-0.952248598