,bpm,ibi,sdnn,sdsd,rmssd,pnn20,pnn50,hr_mad,sd1,sd2,s,sd1/sd2,breathingrate,vlf,lf,hf,lf/hf,p_total,vlf_perc,lf_perc,hf_perc,lf_nu,hf_nu
rest,83.33386304,719.9954233,39.21786798,16.89760513,27.32391499,0.431192661,0.061926606,24,19.32080551,51.87201508,3148.532792,0.372470695,0.127133458,163.6346565,591,219,2.7,936.0661831,17.48109904,59.39319431,23.12570665,71.97526096,28.02473904
practice,86.9272992,690.2319588,33.0485087,18.61099088,31.06532252,0.485788114,0.095607235,21,21.9664756,41.30346915,2850.340773,0.531831249,0.133333333,210.5658909,424,72,5.8,587.3632756,35.84934565,54.47912705,9.671527297,84.92372775,15.07627225
boredom,86.9272992,690.2319588,33.0485087,18.61099088,31.06532252,0.485788114,0.095607235,21,21.9664756,41.30346915,2850.340773,0.531831249,0.133333333,210.5658909,604,229,2.639,587.3632756,35.84934565,54.47912705,9.671527297,84.92372775,15.07627225
flow,87.37786534,686.6727605,46.86923004,18.4349929,30.62412685,0.487648673,0.093321134,33,21.6545055,62.66973505,4263.399226,0.345533701,0.119805117,617.2817111,224,80,2.802,1161.093902,53.16380612,36.93861517,9.897578714,78.86767072,21.13232928
ultra,92.01810389,652.0456026,55.23805047,16.84413017,27.61452682,0.431372549,0.065359477,48,19.52604944,75.50348184,4631.602044,0.258611245,0.133333333,1377.178178,297,108,2.74,1795.111309,76.71826093,17.3092944,5.972444677,74.34708525,25.65291475
overload,86.59607907,692.8720174,40.74271022,17.92005139,28.76078248,0.447826087,0.080434783,26,20.33631596,53.74650505,3433.779332,0.378374667,0.125230894,194.767224,624,160,3.894,801.4604053,24.30154038,56.42939273,19.26906689,74.54496831,25.45503169