,target,linear-p,linear-rsquared,linear-rsquared_adj,linear-coef,nonlinear-p,nonlinear-rsquared,nonlinear-rsquared_adj,nonlinear-coef
0,bpm,0.22743414869806894,0.596857994597874,0.39528699189681105,1.3612026609687398,0.22982799945857177,0.5931649104179852,0.38974736562697787,0.009292826544739148
1,ibi,0.22267696556693412,0.6042310998602282,0.4063466497903423,-0.12163466453531141,0.22031507087022983,0.6079085887120939,0.4118628830681408,-7.420209440256361e-05
2,lf,0.29464997017856775,0.49751866456909566,0.2462779968536435,-0.003237020780953038,0.27179123021645035,0.5302880123896706,0.29543201858450585,-2.163288994569268e-06
3,hf,0.6306554628111029,0.13641538715128043,-0.2953769192730793,-0.013454826897029929,0.6209256315071988,0.14369737684821604,-0.284453934727676,-5.709116505732396e-05
4,lf/hf,0.2150944937306305,0.616076653771975,0.4241149806579625,-0.967351183935989,0.22613248652500875,0.5988709284119655,0.3983063926179483,-0.09524520671752384
5,FC3,0.335583908967489,0.4414487420229213,0.16217311303438198,15.922576199587688,0.3172870275630464,0.4660970027337006,0.19914550410055087,14.935070836391606
6,FC4,0.2977697535176759,0.4931273190746256,0.23969097861193833,24.107762419019483,0.2912425703386861,0.502337094100112,0.25350564115016794,20.924131632356247
7,FCz,0.2339394881803081,0.586848707769448,0.38027306165417196,21.192174424506376,0.21730261099149453,0.6126152027607317,0.4189228041410975,17.451825941179358
8,mean_3ch,0.2871888989844995,0.5080996657309287,0.262149498596393,20.09050899625581,0.27318103252867776,0.5282658114760785,0.2923987172141178,17.57589005491857
