,bpm,ibi,sdnn,sdsd,rmssd,pnn20,pnn50,hr_mad,sd1,sd2,s,sd1/sd2,breathingrate,vlf,lf,hf,lf/hf,p_total,vlf_perc,lf_perc,hf_perc,lf_nu,hf_nu,lf_diff,hf_diff,lfhf_diff
rest,74.08701452359588,809.8585209003215,41.25030546197391,20.14648643592225,36.787620638715744,0.6193548387096774,0.18387096774193548,30.0,26.01268601099786,52.268897523125915,4271.48033543966,0.4976704549677708,0.3,396.01113134139393,338.30626740499474,533.1579373874786,0.6345329285778349,1267.4753361338671,31.24408973111319,26.691349153737207,42.06456111514962,38.820443288953854,61.17955671104615,0,0,0
boredom,76.1362225257668,788.0611620795107,38.55330226412703,16.68088682883841,31.25847124444632,0.5828220858895705,0.09202453987730061,22.0,22.103056126758748,49.82642554357548,3459.8871357376556,0.44360107885781647,0.36666666666666664,518.6856952739327,348.26192019593617,297.24305034988987,1.171640244527134,1164.1906658197588,44.5533288062143,29.914508887657963,25.532162306127727,53.95185724154113,46.04814275845887,-9.955652790941429,235.9148870375887,-0.537107315949299
flow,79.89742650425863,750.9628610729023,43.87499432353143,16.54875578139962,29.36593480074767,0.5413223140495868,0.08402203856749312,30.0,20.764206925221853,58.349346630047094,3806.2842530697735,0.35586014453380854,0.1282168696767103,971.9817308473444,207.80608571373787,79.14175707148371,2.6257451616349616,1258.929573632566,77.20699800885201,16.506569554492696,6.286432436655285,72.41946260919593,27.580537390804064,130.50018169125687,454.01618031599486,-1.9912122330571267
ultra,79.01746078721514,759.3258426966293,67.13524422796337,20.1737734618236,34.7861911689854,0.5819209039548022,0.1694915254237288,58.0,24.591192301397317,91.57181289346,7074.427022195709,0.26854543471808456,0.16666666666666666,1381.6159081094725,275.8113280055918,124.14739240713257,2.221644149408214,1781.574628522197,77.5502685091285,15.481323296255924,6.968408194615565,68.95994859693954,31.040051403060477,62.49493939940294,409.010544980346,-1.5871112208303793
overload,76.50802539672931,784.2314540059347,37.720270844785404,19.23268724082522,32.62813568218751,0.5297619047619048,0.12202380952380952,26.0,23.071537606012928,48.137820022860275,3489.0952908941063,0.47928089795209744,0.13333333333333333,521.10730972592,232.05171290728416,215.33473401728233,1.0776325239227786,968.4937566504865,53.80595446770434,23.960062861925895,22.23398267036977,51.86829294952027,48.131707050479726,106.25455449771059,317.8232033701962,-0.4430995953449437
