,bpm,ibi,sdnn,sdsd,rmssd,pnn20,pnn50,hr_mad,sd1,sd2,s,sd1/sd2,breathingrate,vlf,lf,hf,lf/hf,p_total,vlf_perc,lf_perc,hf_perc,lf_nu,hf_nu,lf_diff,hf_diff,lfhf_diff
rest,73.29248922169276,818.6377708978329,46.74496443783289,17.95389613654939,30.466966124718105,0.5,0.09006211180124224,28.0,21.542645774737398,62.52198301719773,4231.376377973855,0.3445611405001618,0.13333333333333333,801.2666875965954,819.5467004557198,315.13444249283083,2.6006256059248876,1935.947830545146,41.38885743480834,42.33309841954484,16.278044145646824,72.22704858970941,27.772951410290588,0,0,0
boredom,71.42366595700845,840.0576923076923,42.15580690976058,16.301138365235847,27.205777710552823,0.4694533762057878,0.06109324758842444,26.0,19.23699810605007,56.11255557821681,3391.151743117787,0.34282876457542727,0.1,798.2311658955125,497.91777058926584,119.05976433820544,4.1820826150374595,1415.208700822984,56.403777438007445,35.183345770819,8.412876791173543,80.70273914394605,19.29726085605394,321.628929866454,196.0746781546254,-1.581457009112572
flow,69.56724057701257,862.4749163879599,44.476612992154415,16.05195300458716,30.106076445232357,0.5637583892617449,0.06375838926174497,32.0,21.286111237087805,59.06693088539161,3949.940972093656,0.3603727317132753,0.13333333333333333,856.5297032320345,846.8828489900286,111.9465047056049,7.565067361568344,1815.359056927668,47.18238521263303,46.65098321779393,6.166631569573035,88.32466858944949,11.675331410550527,-27.33614853430879,203.18793778722593,-4.964441755643456
ultra,69.80776926383186,859.5031847133758,30.489556362506185,13.287959036598394,24.97023869555156,0.46794871794871795,0.01282051282051282,22.0,17.65595252130517,39.427388757320806,2186.950937289947,0.44780932944809454,0.13333333333333333,320.97319776268245,183.75451464698497,40.034218981633494,4.589936292532298,544.7619313913009,58.91990230354924,33.73115925661014,7.3489384398406195,82.11070846485461,17.889291535145382,635.7921858087349,275.1002235111973,-1.9893106866074102
overload,70.4018773833969,852.25,27.99728123247428,13.805772444074861,23.13639134570488,0.3633440514469453,0.02572347266881029,19.0,16.359822743808934,36.07678066631524,1854.198573422272,0.45347235650336293,0.13333333333333333,221.6816534346634,404.33051973384727,55.52931751498968,7.281388243691301,681.5414906835003,32.52650887216633,59.325884815663194,8.147606312170483,87.9247298813482,12.075270118651817,415.21618072187255,259.6051249778412,-4.6807626377664135
