,bpm,ibi,sdnn,sdsd,rmssd,pnn20,pnn50,hr_mad,sd1,sd2,s,sd1/sd2,breathingrate,vlf,lf,hf,lf/hf,p_total,vlf_perc,lf_perc,hf_perc,lf_nu,hf_nu,lf_diff,hf_diff,lfhf_diff
rest,170.6781331739613,351.53888130968625,116.1881626633577,27.742932832037283,230.6716542792202,1.0,1.0,130.0,163.10948762520556,20.893106128087016,10706.119989888188,7.806856798852625,0.3,21.3055749440262,45.73505994472352,102.06318921967332,0.4481053384123313,169.10382410842305,12.599108894406706,27.045550380575605,60.355340725017676,30.944250154040827,69.05574984595916,0,0,0
boredom,167.15339686443284,358.951724137931,123.11351258000062,30.768016402318388,243.70008890711003,1.0,1.0,124.0,172.32066075620992,23.737098835180156,12850.347203328554,7.259550206734524,0.3333333333333333,64.52226491057787,36.13433128373539,84.79379863247641,0.42614356080865307,185.45039482678968,34.79219603217429,19.484634323633976,45.72316964419173,29.880831952641625,70.11916804735837,9.600728660988125,17.26939058719691,0.021961777603678234
flow,164.25350459478935,365.28900949796474,125.96859164102366,23.899476301672728,250.72149096161192,1.0,1.0,116.0,177.28669712235745,17.963849055264596,10005.191811018967,9.869081875323413,0.13333333333333333,32.61272056269456,53.47847606075951,55.9053744987752,0.9565891748374057,141.99657112222928,22.967259212633977,37.66180805501687,39.37093273234915,48.89065048194898,51.10934951805102,-7.743416116035995,46.157814720898116,-0.5084838364250743
ultra,81.46310675336494,736.5297297297298,21.912860161729107,10.725121667905114,21.2384515255802,0.4419889502762431,0.0,14.0,15.017802282533593,26.452242472682403,1248.0119676679124,0.5677326713620853,0.13333333333333333,429.7544264434771,52.95955955276104,48.200555602460845,1.0987333836885738,530.914541598699,80.94606434199244,9.975157092757021,9.078778565250541,52.35221358882298,47.64778641117702,-7.224499608037526,53.862633617212474,-0.6506280452762425
overload,163.7126133466895,366.4958904109589,126.9474299980558,26.81526668730514,252.6089883018294,1.0,1.0,116.0,178.6214858727336,19.650625033277592,11027.06511523587,9.089862819642878,0.2,42.66501270929186,30.881184988274175,80.91551572080462,0.3816472615070307,154.46171341837066,27.621739889502976,19.992776400602434,52.38548370989459,27.622626421359474,72.37737357864053,14.853874956449342,21.1476734988687,0.06645807690530059
