,FpZ,FC3,FC4,FCz,O1,O2,Fp2,mean_all,mean_3ch,concentration_FC3,concentration_FC4,concentration_FCz,concentration_mean
rest,0.54794,0.73889,0.75874,0.7995,0.58086,0.59821,0.38332,0.629637143,0.76571,,,,
practice,0.25574,0.61654,0.67366,0.75241,0.32122,0.48927,0.2844,0.484748571,0.68087,0.13211676,0.06903825,0.07036243,0.090505813
boredom,0.34038,0.47183,0.38638,0.64152,0.28792,0.39155,0.28821,0.401112857,0.49991,0.26706271,0.37236189,0.15798901,0.265804537
flow,0.24192,0.442,0.50466,0.64272,0.26723,0.35481,0.28993,0.391895714,0.529793333,0.29688923,0.25407975,0.15678429,0.235917757
ultra,0.12465,0.37422,0.49706,0.60465,0.36334,0.43623,0.22804,0.375455714,0.491976667,0.3505873,0.28724415,0.19831489,0.278715447
overload,0.21057,0.33779,0.37382,0.48194,0.15296,0.22057,0.23034,0.286855714,0.39785,0.39738381,0.3866966,0.31372331,0.365934573