,target,linear-p,linear-rsquared,linear-rsquared_adj,linear-coef,nonlinear-p,nonlinear-rsquared,nonlinear-rsquared_adj,nonlinear-coef
0,bpm,0.7223031229033197,0.04835057633853501,-0.2688658982152865,-0.02348858340887543,0.7508510943852794,0.0387940695115766,-0.28160790731789787,-0.000138687094642543
1,ibi,0.6647889890337049,0.0710018867127139,-0.23866415104971472,0.0026426680653661074,0.6371145913918594,0.08357198357529783,-0.2219040218996029,1.7537239895426037e-06
2,lf,0.7911615965433659,0.02714912802422831,-0.2971344959676956,-0.00029242696012432177,0.7807691034169926,0.029946712452932123,-0.29340438339609043,-1.8221283191954848e-07
3,hf,0.4005949245266795,0.2414005203821019,-0.011465972823863968,0.001025434462027722,0.4193229704225024,0.22517622299679796,-0.03309836933760257,7.445611291856346e-07
4,lf/hf,0.3408735096708481,0.29833796220520137,0.06445061627360182,-0.17261237364851248,0.23469301979682186,0.42301323401464674,0.230684312019529,-0.029116401665950694
5,FC3,0.3145220638896371,0.3262220847995907,0.10162944639945426,-5.4692425080964036,0.3333635199061089,0.3061013310104953,0.0748017746806604,-5.435950184481763
6,FC4,0.24662850043006335,0.4072195172386406,0.2096260229848541,-5.0214776191978805,0.28877461667895427,0.35529102291882075,0.14038803055842775,-4.62083578930844
7,FCz,0.6696413964192729,0.06891149597461987,-0.24145133870050683,-2.200551602936341,0.7152675315903232,0.050875403106996786,-0.26549946252400414,-1.6151620784197425
8,mean_3ch,0.37215403888931264,0.2674890813718268,0.023318775162435745,-4.663940546906132,0.40574446157518534,0.23686582716895943,-0.017512230441387278,-4.12990174185672
