,target,linear-p,linear-rsquared,linear-rsquared_adj,linear-coef,nonlinear-p,nonlinear-rsquared,nonlinear-rsquared_adj,nonlinear-coef
0,bpm,0.6499573129333664,0.07760062221466746,-0.22986583704711006,-0.04913232272563767,0.6340162898226476,0.0850487284308864,-0.21993502875881799,-0.0003260262429451014
1,ibi,0.6835739107081864,0.06309516154089367,-0.24920645127880836,0.004543916921870563,0.7010690244977018,0.05617758414157448,-0.2584298878112339,2.7871892341455904e-06
2,lf,0.5556694743306541,0.12722866939642397,-0.16369510747143456,0.00203651801832853,0.5253236242516878,0.14618472974434582,-0.13842036034087224,2.0051050370693233e-06
3,hf,0.5762391552644546,0.11523171933592646,-0.1796910408854313,0.00373144391114413,0.641908415437045,0.08131487314376495,-0.22491350247498,7.023807241482322e-06
4,lf/hf,0.6072371594298216,0.09840706071319161,-0.20212391904907778,-0.47056727435620127,0.5773484021688567,0.11460387857087662,-0.1805281619054977,-0.09892729119910132
5,FC3,0.0168782374539907,0.8862337009501194,0.8483116012668259,-16.945792302746174,0.015216616279707728,0.8936560759073773,0.8582081012098364,-23.435726880460763
6,FC4,0.47267100629911274,0.1828197951852799,-0.08957360641962664,-7.622702068850032,0.43746588902510264,0.21014669435216737,-0.05313774086377676,-9.702384945075398
7,FCz,0.6609255357107261,0.0726903019505466,-0.2364129307326044,-5.800511706075916,0.6424465527209532,0.08106359830008758,-0.22524853559988323,-6.7557472657458995
8,mean_3ch,0.2340824688070372,0.42383510065610663,0.23178013420814225,-14.316584052017129,0.21058141157068985,0.4565628401072386,0.2754171201429848,-17.783540941952392
