,bpm,ibi,sdnn,sdsd,rmssd,pnn20,pnn50,hr_mad,sd1,sd2,s,sd1/sd2,breathingrate,vlf,lf,hf,lf/hf,p_total,vlf_perc,lf_perc,hf_perc,lf_nu,hf_nu,lf_diff,hf_diff,lfhf_diff
rest,75.220071105867,797.6594427244582,40.9006399572849,13.923616490583365,22.01270102034687,0.30434782608695654,0.021739130434782608,20.0,15.56418443232166,55.685590046731726,2722.8208463797405,0.27950111365005004,0.13333333333333333,316.7774546165277,1231.7204518903502,138.65564817821038,8.883305282358588,1687.1535546850882,18.775852010438673,73.00582975805389,8.218318231507435,89.88192743792939,10.118072562070616,0,0,0
boredom,71.33296944047736,841.125786163522,39.67481690039741,15.344297374309908,24.405098500263648,0.38170347003154576,0.03785488958990536,21.0,17.2557904003714,53.20317691093824,2884.1795660689722,0.32433759414888846,0.13333333333333333,276.0277000161408,830.0457892004426,211.11447388890113,3.9317332152093645,1317.1879631054844,20.95583225383875,63.01650276574612,16.027664980415132,79.72315296950735,20.276847030492657,401.67466268990756,-72.45882571069075,4.951572067149224
flow,72.76275439085587,824.5977011494252,40.22402584590066,14.152907336496071,24.25124248669205,0.41687979539641945,0.028132992327365727,26.0,17.148214581568993,54.14212372955898,2916.7826571376377,0.31672593168352015,0.12390422203636589,510.7987847371365,457.74493612806236,155.99595408056294,2.9343385142646934,1124.5396749457618,45.422922473746695,40.70509438896765,13.87198313728565,74.5827666741357,25.4172333258643,773.9755157622878,-17.340305902352554,5.948966768093895
ultra,74.38329107540588,806.632768361582,26.04311179558217,8.38904243986471,14.492944992148923,0.16477272727272727,0.0,16.0,10.24350983802197,35.13768299886783,1130.7635015658173,0.2915249089802542,0.16666666666666666,280.73872440837647,157.00261931694234,55.390693056922494,2.834458474018332,493.1320367822413,56.92972742964293,31.837846176331883,11.232426394025193,73.9206981435361,26.079301856463896,1074.7178325734078,83.2649551212879,6.048846808340256
overload,71.59690940007756,838.025,27.46269060015788,13.665269690693325,24.3367183915368,0.4263322884012539,0.01567398119122257,18.0,17.208656322296147,34.76815664855183,1879.656538154837,0.4949545210649793,0.13333333333333333,258.4459533946673,415.75989172699826,103.95278256597463,3.999507097976259,778.1586276876402,33.212502464010434,53.42868111126154,13.358816424728017,79.99802819752395,20.00197180247605,815.9605601633519,34.702865612235755,4.883798184382329
