,bpm,ibi,sdnn,sdsd,rmssd,pnn20,pnn50,hr_mad,sd1,sd2,s,sd1/sd2,breathingrate,vlf,lf,hf,lf/hf,p_total,vlf_perc,lf_perc,hf_perc,lf_nu,hf_nu,lf_diff,hf_diff,lfhf_diff
rest,74.17680389903713,808.8782051282051,30.110234001917522,11.137601189203169,19.38373112324004,0.27741935483870966,0.01935483870967742,15.0,13.705729222758466,40.351277788277315,1737.4379846911575,0.33966035213735407,0.13333333333333333,229.5173307815235,282.84532455283573,150.70493177261096,1.8768153186891254,663.0675871069702,34.61446996420537,42.657088063513704,22.72844197228092,65.23933971348329,34.76066028651672,0,0,0
boredom,75.89834481575713,790.5310734463277,32.0636794974549,10.47585173495806,17.517292144601576,0.20679886685552407,0.0028328611898017,15.0,12.38638614662189,43.65420599880307,1698.7152328443374,0.28373866534100983,0.26666666666666666,412.21401734125163,484.6435421669264,147.4594351425108,3.2866228037463125,1044.316994650689,39.47211617284196,46.407704236301704,14.120179590856335,76.67161199427098,23.328388005729025,-201.79821761409067,3.245496630100149,-1.4098074850571871
flow,76.58270932607215,783.4666666666667,20.092070902007915,7.600889677909498,13.10931361069164,0.09422492401215805,0.0,12.0,9.26906162281196,26.82242055857002,781.0585841710636,0.3455714074190969,0.3,86.46735890430278,76.31512348186821,53.4468265232565,1.427870061633331,216.22930890942752,39.98873202731345,35.29360745163113,24.717660521055404,58.811634287905115,41.18836571209489,206.5302010709675,97.25810524935446,0.44894525705579436
ultra,75.58224696059763,793.8372093023256,24.418283497334382,6.646692144714175,12.33072518653023,0.08187134502923976,0.0,14.0,8.719123707369388,33.51062322024382,917.9208125494591,0.26018984039969006,0.3333333333333333,91.43817039404574,74.07597588816178,50.59602809715367,1.4640670162077207,216.11017437936118,42.31090491534869,34.27694975532634,23.41214532932498,59.41668820602808,40.58331179397192,208.76934866467394,100.1089036754573,0.4127483024814047
overload,76.41011392053348,785.2363636363636,19.244484738165,11.372792809739897,20.455898146915,0.3130699088145897,0.0,14.0,14.464105094828135,23.01506750959162,1045.8121776057158,0.6284624230973974,0.3333333333333333,96729.35628495112,56.78123256531336,124.48065762402081,0.45614502404714474,96910.61817514045,99.81295972143967,0.05859134286265332,0.1284489356976908,31.32552160081937,68.67447839918064,226.06409198752237,26.224274148590155,1.4206702946419807
