,FpZ,FC3,FC4,FCz,O1,O2,Fp2,mean_all,mean_3ch
rest,0.42267,0.59326,0.69062,0.72589,0.31089,0.43897,0.4302,0.516071429,0.669923333
practice,0.41655,0.5376,0.70245,0.77751,0.29915,0.51215,0.40364,0.521292857,0.67252
boredom,0.44885,0.60714,0.64297,0.73292,0.28617,0.39602,0.46605,0.511445714,0.66101
flow,0.41807,0.44068,0.47894,0.53998,0.39422,0.33732,0.40138,0.430084286,0.486533333
ultra,0.37924,0.34368,0.37828,0.51853,0.21255,0.14708,0.3349,0.330608571,0.413496667
overload,0.38672,0.40615,0.36713,0.49048,0.23519,0.28101,0.35425,0.360132857,0.421253333